"Package","Version"
"AER","1.2-16"
"ALL","1.48.0"
"AUCell","1.12.0"
"AlgDesign","1.2.1.2"
"AnnotationDbi","1.60.0"
"AnnotationFilter","1.14.0"
"AnnotationForge","1.32.0"
"AnnotationHub","3.2.2"
"AsioHeaders","1.30.2-1"
"BB","2026.1.0"
"BBmisc","1.13.1"
"BH","1.90.0-1"
"BSgenome","1.58.0"
"BayesFactor","0.9.12-4.5"
"BiasedUrn","2.0.12"
"BioCor","1.14.0"
"Biobase","2.50.0"
"BiocFileCache","1.14.0"
"BiocGenerics","0.36.1"
"BiocManager","1.30.27"
"BiocNeighbors","1.8.2"
"BiocParallel","1.24.1"
"BiocSingular","1.6.0"
"BiocVersion","3.12.0"
"Biostrings","2.58.0"
"Brobdingnag","1.2-9"
"CARD","1.0"
"CNEr","1.26.0"
"Cairo","1.7-0"
"Category","2.56.0"
"CellChat","1.5.0"
"CellID","0.1.0"
"ChIPseeker","1.32.1"
"CompQuadForm","1.4.4"
"ComplexHeatmap","2.6.2"
"ConsensusClusterPlus","1.70.0"
"CytoTRACE","0.3.3"
"DBI","1.3.0"
"DBItest","1.8.2"
"DDRTree","0.1.6"
"DESeq2","1.30.1"
"DEoptimR","1.1-4"
"DGCA","1.0.3"
"DHARMa","0.4.7"
"DO.db","2.9"
"DOSE","3.16.0"
"DT","0.34.0"
"DelayedArray","0.16.3"
"DelayedMatrixStats","1.12.3"
"DescTools","0.99.19"
"DescrTab2","2.1.16"
"DiagrammeR","1.0.11"
"DiceKriging","1.6.1"
"DirichletMultinomial","1.32.0"
"DistributionUtils","0.6-2"
"DoseFinding","1.4-1"
"DoubletFinder","2.0.4"
"DropletUtils","1.10.3"
"EMT","1.3.2"
"EnhancedVolcano","1.8.0"
"EnsDb.Hsapiens.v86","2.99.0"
"FME","1.3.6.4"
"FNN","1.1.4.1"
"FactoMineR","2.13"
"Formula","1.2-5"
"GENIE3","1.17.1"
"GLMMadaptive","0.9-7"
"GO.db","3.12.1"
"GOSemSim","2.16.1"
"GPArotation","2025.3-1"
"GSEABase","1.52.1"
"GSVA","1.38.2"
"GSVAdata","1.42.0"
"GeneOverlap","1.26.0"
"GeneralizedHyperbolic","0.8-7"
"GenomeInfoDb","1.26.7"
"GenomeInfoDbData","1.2.4"
"GenomicAlignments","1.26.0"
"GenomicFeatures","1.42.3"
"GenomicRanges","1.42.0"
"GetoptLong","1.1.0"
"Glimma","2.16.0"
"GlobalOptions","0.1.3"
"Guerry","1.8.3"
"HDF5Array","1.18.1"
"HGNChelper","0.8.1"
"HSAUR3","1.0-15"
"HSMMSingleCell","1.10.0"
"HiClimR","2.2.1"
"HighFive","3.3.0"
"Hmisc","4.8-0"
"IRanges","2.24.1"
"IRdisplay","1.1"
"ISLR","1.4"
"ISwR","2.0-11"
"JASPAR2020","0.99.10"
"JM","1.5-2"
"KEGGREST","1.30.1"
"KernSmooth","2.23-26"
"Lahman","14.0-0"
"LaplacesDemon","16.1.8"
"LearnBayes","2.15.2"
"MASS","7.3-60"
"MAST","1.16.0"
"MCMCglmm","2.36"
"MCMCpack","1.6-3"
"MEGENA","1.3.7"
"MEMSS","0.9-4"
"MLEcens","0.1-7.1"
"MPV","2.0"
"Matrix","1.5-3"
"Matrix.utils","0.9.8"
"MatrixGenerics","1.2.1"
"MatrixModels","0.5-3"
"ModelMetrics","1.2.2.2"
"MuSiC","0.2.0"
"MySeuratWrappers","0.1.0"
"NMF","0.28"
"NNLM","0.4.4"
"NOISeq","2.34.0"
"NbClust","3.0.1"
"Nebulosa","1.0.2"
"PASWR","1.3"
"PROreg","1.3.2"
"ParamHelpers","1.14.2"
"ProtGenerics","1.22.0"
"QuickJSR","1.9.0"
"R.cache","0.17.0"
"R.methodsS3","1.8.2"
"R.oo","1.27.1"
"R.rsp","0.46.0"
"R.utils","2.13.0"
"R2HTML","2.3.4"
"R6","2.6.1"
"RANN","2.6.2"
"RBGL","1.66.0"
"RColorBrewer","1.1-3"
"RCurl","1.98-1.17"
"ROCR","1.0-12"
"RPostgreSQL","0.7-8"
"RPostgres","1.4.10"
"RProtoBufLib","2.8.0"
"RSQLite","2.4.6"
"RSpectra","0.16-2"
"RUnit","0.4.33.1"
"RVenn","1.1.0"
"RWiener","1.3-3"
"RcisTarget","1.10.0"
"Rcpp","1.1.1"
"RcppAnnoy","0.0.23"
"RcppArmadillo","14.2.3-1"
"RcppEigen","0.3.4.0.2"
"RcppHNSW","0.6.0"
"RcppML","0.3.7.1"
"RcppParallel","5.1.11-2"
"RcppProgress","0.4.2"
"RcppRoll","0.3.1"
"RcppTOML","0.2.3"
"Rdpack","2.6.6"
"ResidualMatrix","1.0.0"
"Rfast","2.1.5.2"
"Rfast2","0.1.5.6"
"Rhdf5lib","1.12.1"
"RhpcBLASctl","0.23-42"
"Rhtslib","1.22.0"
"Rnanoflann","0.0.3"
"Rsamtools","2.6.0"
"Rtsne","0.17"
"Rttf2pt1","1.3.14"
"S4Vectors","0.28.1"
"S7","0.2.1"
"SCENIC","1.1.0-01"
"SCopeLoomR","0.13.0"
"SQUAREM","2021.1"
"Seurat","4.3.0.1"
"SeuratData","0.2.2"
"SeuratDisk","0.0.0.9020"
"SeuratObject","4.1.3"
"SimComp","3.6"
"SingleCellExperiment","1.12.0"
"SingleR","1.4.1"
"SnowballC","0.7.1"
"SpaTalk","1.0"
"SparseM","1.84-2"
"StanHeaders","2.32.10"
"SummarizedExperiment","1.20.0"
"SuppDists","1.1-9.9"
"TFBSTools","1.28.0"
"TFMPvalue","0.0.9"
"TFisher","0.2.0"
"TH.data","1.1-5"
"TMB","1.9.19"
"TSP","1.2.6"
"TTR","0.24.4"
"TxDb.Hsapiens.UCSC.hg19.knownGene","3.2.2"
"TxDb.Mmusculus.UCSC.mm10.ensGene","3.4.0"
"V8","8.0.1"
"VGAM","1.1-11"
"VIM","6.2.2"
"VennDiagram","1.8.2"
"WGCNA","1.74"
"WRS2","1.1-7"
"WriteXLS","6.8.0"
"XML","3.99-0.22"
"XVector","0.30.0"
"abind","1.4-8"
"acepack","1.6.3"
"afex","1.5-1"
"affy","1.68.0"
"affyio","1.60.0"
"agricolae","1.3-7"
"akima","0.6-3.6"
"alabama","2025.1.0"
"alluvial","0.1-2"
"amap","0.8-20"
"annotate","1.68.0"
"aod","1.3.3"
"apcluster","1.4.14"
"ape","5.8-1"
"arm","1.14-4"
"asd","2.2"
"ash","1.0-15"
"askpass","1.2.1"
"assertthat","0.2.1"
"babelgene","22.9"
"babynames","1.0.1"
"backports","1.5.0"
"base","4.0.5"
"base64enc","0.1-6"
"basefun","1.2-6"
"batchelor","1.6.3"
"bayestestR","0.17.0"
"bbmle","1.0.25.1"
"bdsmatrix","1.3-7"
"beachmat","2.6.4"
"beeswarm","0.4.0"
"bench","1.1.4"
"betareg","3.2-4"
"bibtex","0.5.2"
"bigassertr","0.1.7"
"biglm","0.9-3"
"bigparallelr","0.3.2"
"bigstatsr","1.6.2"
"bigutilsr","0.3.11"
"biocViews","1.58.1"
"biomaRt","2.46.3"
"bit","4.6.0"
"bit64","4.6.0-1"
"bitops","1.0-9"
"blme","1.0-7"
"blob","1.3.0"
"bookdown","0.46"
"boot","1.3-32"
"brew","1.0-10"
"bridgesampling","1.2-1"
"brio","1.1.5"
"broom","1.0.7"
"broom.mixed","0.2.9.7"
"bsicons","0.1.2"
"bslib","0.10.0"
"ca","0.71.1"
"caTools","1.18.3"
"cachem","1.1.0"
"callr","3.7.6"
"car","3.1-5"
"carData","3.0-6"
"caret","7.0-1"
"catdata","1.2.5"
"ccaPP","0.3.5"
"celldex","1.4.0"
"cellranger","1.1.0"
"checkmate","2.3.4"
"chk","0.10.0"
"chromVAR","1.12.0"
"chromote","0.5.1"
"chron","2.3-62"
"circlize","0.4.17"
"class","7.3-23"
"classInt","0.4-11"
"cli","3.6.5"
"clipr","0.8.0"
"clock","0.7.4"
"clubSandwich","0.6.2"
"clue","0.3-67"
"cluster","2.1.8.2"
"clusterProfiler","3.18.1"
"clustree","0.5.1"
"cmaesr","1.0.3"
"cmapR","1.8.0"
"cmm","1.0"
"coda","0.19-4.1"
"codetools","0.2-20"
"codingMatrices","0.4.0"
"coin","1.4-3"
"colorspace","2.1-2"
"colourpicker","1.3.0"
"combinat","0.0-8"
"commonmark","2.0.0"
"compiler","4.0.5"
"concaveman","1.2.0"
"conf.design","2.0.0"
"config","0.3.2"
"conflicted","1.2.0"
"conquer","1.3.3"
"contfrac","1.1-12"
"coro","1.1.0"
"corpcor","1.6.10"
"correlation","0.8.5"
"corrplot","0.95"
"covr","3.6.5"
"cowplot","1.1.3"
"coxme","2.2-22"
"cplm","0.7-12.1"
"cpp11","0.5.3"
"crayon","1.5.3"
"crch","1.2-2"
"credentials","2.0.3"
"crosstalk","1.2.2"
"crul","1.6.0"
"cubature","2.1.4-1"
"curl","4.3.2"
"cytolib","2.8.0"
"dagitty","0.3-4"
"data.table","1.18.2.1"
"data.tree","1.2.0"
"datasets","4.0.5"
"datawizard","1.3.0"
"dbarts","0.9-32"
"dbplyr","2.5.2"
"dbscan","1.2.4"
"deSolve","1.41"
"decor","1.0.2"
"deldir","2.0-4"
"dendextend","1.19.1"
"densityClust","0.3.3"
"desc","1.4.3"
"destiny","3.4.0"
"devtools","2.4.5"
"dfoptim","2023.1.0"
"diagram","1.6.5"
"dichromat","2.0-0.1"
"diffobj","0.3.6"
"digest","0.6.39"
"diptest","0.77-2"
"distances","0.1.13"
"distributional","0.6.0"
"dittoSeq","1.2.6"
"doMC","1.3.8"
"doParallel","1.0.17"
"doRNG","1.8.6.3"
"docopt","0.7.2"
"domino","0.3.1"
"dotCall64","1.2"
"downlit","0.4.5"
"downloader","0.4.1"
"dplyr","1.1.4"
"dqrng","0.4.1"
"dreamerr","1.5.0"
"dtplyr","1.3.3"
"dygraphs","1.1.1.6"
"dynamicTreeCut","1.63-1"
"e1071","1.7-17"
"earth","5.3.5"
"edgeR","3.32.1"
"effectsize","1.0.1"
"egg","0.4.5"
"ellipse","0.5.0"
"ellipsis","0.3.2"
"elliptic","1.5-1"
"emmeans","1.5.2"
"emoa","0.5-3"
"enrichR","3.4"
"enrichplot","1.10.2"
"ensembldb","2.14.1"
"entropy","1.3.2"
"epiR","2.0.91"
"estimability","1.4.1"
"estimatr","1.0.6"
"evaluate","1.0.5"
"exact2x2","1.7.0"
"exactci","1.4-5"
"expm","1.0-0"
"extrafont","0.20"
"extrafontdb","1.1"
"factoextra","1.0.7"
"fansi","1.0.7"
"farver","2.1.2"
"fastDummies","1.7.5"
"fastGHQuad","1.0.1"
"fastICA","1.2-7"
"fastcluster","1.3.0"
"fastmap","1.2.0"
"fastmatch","1.1-8"
"fdrtool","1.2.18"
"ff","4.5.2"
"fgsea","1.16.0"
"fields","17.1"
"filelock","1.0.3"
"fit.models","0.64"
"fitdistrplus","1.2-6"
"fixest","0.13.2"
"flashClust","1.1-4"
"flexclust","1.5.0"
"flexmix","2.3-20"
"flextable","0.9.10"
"flock","0.7"
"flowCore","2.8.0"
"fmsb","0.7.6"
"fontBitstreamVera","0.1.1"
"fontLiberation","0.1.0"
"fontawesome","0.5.3"
"fontquiver","0.2.1"
"forcats","1.0.0"
"foreach","1.5.2"
"foreign","0.8-91"
"formatR","1.14"
"formula.tools","1.7.1"
"fpc","2.2-14"
"fractional","0.1.3"
"fs","1.6.6"
"ftExtra","0.6.4"
"furrr","0.3.1"
"futile.logger","1.4.9"
"futile.options","1.0.1"
"future","1.69.0"
"future.apply","1.20.2"
"fwb","0.5.1"
"gam","1.22-7"
"gamlss.data","6.0-7"
"gamlss.dist","6.1-1"
"gap","1.14"
"gap.datasets","0.0.6"
"gargle","1.6.0"
"gbRd","0.4.12"
"gbm","2.2.3"
"gclus","1.3.3"
"gdata","3.0.1"
"gdtools","0.4.1"
"gee","4.13-29"
"geepack","1.3.13"
"genefilter","1.72.1"
"geneplotter","1.68.0"
"generics","0.1.4"
"geoR","1.9-6"
"geojsonsf","2.0.5"
"geometries","0.2.5"
"gert","2.3.1"
"gfonts","0.2.0"
"ggExtra","0.11.0"
"ggVennDiagram","1.2.3"
"ggalluvial","0.12.6"
"ggalt","0.4.0"
"ggbeeswarm","0.7.3"
"ggcor","0.9.8.1"
"ggcorrplot","0.1.4.1"
"ggdendro","0.2.0"
"ggfittext","0.10.3"
"ggforce","0.4.2"
"ggfun","0.0.9"
"ggh4x","0.3.0"
"ggnewscale","0.5.2"
"ggplot.multistats","1.0.1"
"ggplot2","3.5.1"
"ggprism","1.0.7"
"ggpubr","0.6.0"
"ggraph","2.2.1"
"ggrastr","1.0.2"
"ggrepel","0.9.6"
"ggridges","0.5.7"
"ggsci","4.2.0"
"ggseqlogo","0.2.2"
"ggsignif","0.6.4"
"ggstatsplot","0.10.0"
"ggtext","0.1.2"
"ggthemes","5.2.0"
"gh","1.4.1"
"gistr","0.9.0"
"git2r","0.36.2"
"gitcreds","0.1.2"
"glmGamPoi","1.2.0"
"glmmML","1.1.7"
"glmmTMB","1.1.14"
"glmnet","4.1-10"
"glmtoolbox","0.1.12"
"globals","0.19.0"
"glue","1.8.0"
"gmp","0.7-5.1"
"gnm","1.1-5"
"goftest","1.2-3"
"googleVis","0.7.3"
"googledrive","2.1.1"
"googlesheets4","1.1.2"
"gower","1.0.2"
"gplots","3.3.0"
"gprofiler2","0.2.4"
"grDevices","4.0.5"
"graph","1.68.0"
"graphics","4.0.5"
"graphite","1.36.0"
"graphlayouts","1.2.3"
"grid","4.0.5"
"gridBase","0.4-7"
"gridExtra","2.3"
"gridGraphics","0.5-1"
"gridtext","0.1.6"
"grr","0.9.5"
"gson","0.1.0"
"gsubfn","0.7"
"gtable","0.3.6"
"gtools","3.9.5"
"hardhat","1.4.1"
"harmony","1.2.4"
"haven","2.5.5"
"hdWGCNA","0.2.02"
"hdf5r","1.3.7"
"here","1.0.2"
"hexbin","1.28.5"
"hgu95a.db","3.2.3"
"highr","0.12"
"hms","1.1.4"
"homologene","1.4.68.19.3.27"
"htmlTable","2.4.1"
"htmltools","0.5.9"
"htmlwidgets","1.6.4"
"httpcode","0.3.0"
"httptest2","1.2.2"
"httpuv","1.6.16"
"httr","1.4.8"
"httr2","1.1.1"
"hunspell","3.0.6"
"hypergeo","1.2-14"
"ica","1.0-3"
"icenReg","2.0.16"
"ids","1.0.1"
"igraph","1.4.0"
"igraphdata","1.0.1"
"impute","1.64.0"
"infotheo","1.2.0.1"
"ini","0.3.1"
"inline","0.3.21"
"insight","1.4.6"
"installr","0.23.4"
"interactiveDisplayBase","1.28.0"
"interp","1.1-6"
"intervals","0.15.5"
"ipred","0.9-15"
"irlba","2.3.7"
"isoband","0.3.0"
"iterators","1.0.14"
"itertools","0.1-3"
"ivreg","0.6-7"
"janitor","2.2.1"
"jomo","2.7-6"
"jose","1.2.1"
"jpeg","0.1-11"
"jquerylib","0.1.4"
"jsonify","1.2.3"
"jsonlite","2.0.0"
"jtools","2.3.1"
"kableExtra","1.4.0"
"katex","1.5.0"
"kernlab","0.9-33"
"kknn","1.4.1"
"knitr","1.51"
"knn.covertree","1.1"
"ks","1.15.1"
"labeling","0.4.3"
"laeken","0.5.3"
"lambda.r","1.2.4"
"languageR","1.6"
"later","1.4.8"
"latex2exp","0.9.8"
"lattice","0.22-9"
"latticeExtra","0.6-31"
"lava","1.8.2"
"lavaSearch2","2.0.3"
"lavaan","0.6-21"
"lazyeval","0.2.2"
"lcmm","2.2.2"
"leaflet.providers","2.0.0"
"leafpop","0.1.0"
"leaps","3.2"
"leiden","0.4.3.1"
"leidenAlg","1.1.6"
"leidenbase","0.1.36"
"lfe","3.1.1"
"lhs","1.2.1"
"libcoin","1.0-11"
"lifecycle","1.0.5"
"limma","3.46.0"
"listenv","0.10.1"
"listviewer","4.0.0"
"litedown","0.9"
"lme4","2.0-1"
"lmerTest","3.2-1"
"lmtest","0.9-40"
"locatexec","0.1.1"
"locfit","1.5-9.4"
"logistf","1.26.1"
"logspline","2.1.22"
"loo","2.9.0"
"loomR","0.2.0"
"lpSolve","5.6.23"
"lsa","0.73.4"
"lsei","1.3-0"
"lubridate","1.9.5"
"maftools","2.6.05"
"magrittr","2.0.4"
"manipulate","1.0.1"
"mapproj","1.2.12"
"maps","3.4.3"
"maptools","1.1-8"
"marginaleffects","0.32.0"
"margins","0.3.28"
"markdown","2.0"
"marqLevAlg","2.0.8"
"mathjaxr","2.0-0"
"matrixStats","1.5.0"
"matrixcalc","1.0-6"
"maxLik","1.5-2.2"
"mc2d","0.2.1"
"mclogit","0.9.15"
"mclust","6.1.2"
"mcmc","0.9-8"
"mco","1.17"
"mcprogress","0.1.1"
"measures","0.3"
"memisc","0.99.31.8.3"
"memoise","2.0.1"
"merDeriv","0.2-5"
"merTools","0.6.4"
"metaBMA","0.6.9"
"metadat","1.4-0"
"metafor","4.8-0"
"metaplus","1.0-8"
"methods","4.0.5"
"mgcv","1.9-1"
"mhurdle","1.3-2"
"mice","3.19.0"
"microbenchmark","1.5.0"
"mime","0.13"
"minet","3.48.0"
"miniUI","0.1.2"
"minpack.lm","1.2-4"
"minqa","1.2.8"
"misc3d","0.9-2"
"miscTools","0.6-30"
"mistyR","1.6.0"
"mitml","0.4-5"
"mixdist","0.5-5"
"mixtools","2.0.0.1"
"mlbench","2.1-7"
"mlmRev","1.0-8"
"mlr","2.19.3"
"mlrMBO","1.1.6"
"mnormt","2.1.2"
"mockery","0.4.5"
"modelbased","0.14.0"
"modelr","0.1.11"
"modeltools","0.2-24"
"moments","0.14.1"
"monocle","2.30.0"
"mratios","1.4.4"
"msm","1.8.2"
"multcomp","1.4-30"
"multcompView","0.1-11"
"multgee","1.9.0"
"multicool","1.0.1"
"multimode","1.5"
"multtest","2.46.0"
"munsell","0.5.1"
"mutoss","0.1-14"
"mvtnorm","1.3-3"
"nabor","0.5.0"
"nanoarrow","0.8.0"
"ncdf4","1.24"
"network","1.20.0"
"nichenetr","2.0.5"
"nleqslv","3.3.6"
"nlme","3.1-168"
"nloptr","2.2.0"
"nnet","7.3-20"
"nnls","1.6"
"nonnest2","0.5-8"
"nor1mix","1.3-3"
"nortest","1.0-4"
"npsurv","0.5-0"
"numDeriv","2016.8-1.1"
"nycflights13","1.0.2"
"oaqc","2.0.0"
"officer","0.7.3"
"oncoPredict","0.2"
"opdisDownsampling","1.0.1"
"openssl","2.3.5"
"openxlsx","4.2.8.1"
"operator.tools","1.6.3.1"
"optimx","2025-4.9"
"ordinal","2025.12-29"
"org.Hs.eg.db","3.15.0"
"org.Mm.eg.db","3.12.0"
"orthopolynom","1.0-6.1"
"otel","0.2.0"
"pROC","1.19.0.1"
"paletteer","1.6.0"
"palmerpenguins","0.1.1"
"pals","1.8"
"pan","1.9"
"pander","0.6.6"
"panelr","1.0.0"
"parallel","4.0.5"
"parallelMap","1.5.1"
"parallelly","1.46.1"
"parameters","0.28.3"
"partitions","1.10-9"
"party","1.3-19"
"patchwork","1.3.0"
"pbapply","1.7-4"
"pbivnorm","0.6.0"
"pbkrtest","0.5.1"
"pbmcapply","1.5.1"
"pcaMethods","1.82.0"
"pcaPP","2.0-5"
"performance","0.16.0"
"permute","0.9-10"
"pgirmess","2.0.3"
"pheatmap","1.0.13"
"phylolm","2.6.5"
"phyr","1.1.3"
"pillar","1.11.1"
"pingr","2.0.5"
"pkgKitten","0.2.4"
"pkgbuild","1.4.8"
"pkgconfig","2.0.3"
"pkgdown","2.1.1"
"pkgload","1.5.0"
"pkgmaker","0.32.10"
"plogr","0.2.0"
"plot3D","1.4.2"
"plotly","4.12.0"
"plotlyGeoAssets","0.0.2"
"plotmo","3.7.0"
"plotrix","3.8-14"
"pls","2.9-0"
"plyr","1.8.9"
"png","0.1-8"
"polyclip","1.10-7"
"polynom","1.4-1"
"pool","1.0.4"
"posterior","1.6.1"
"poweRlaw","1.0.0"
"prabclus","2.3-5"
"pracma","2.4.6"
"praise","1.0.0"
"prediction","0.3.18"
"preprocessCore","1.52.1"
"presto","1.0.0"
"prettydoc","0.4.1"
"prettyunits","1.2.0"
"princurve","2.1.6"
"prismatic","1.1.2"
"processx","3.8.6"
"prodlim","2024.06.25"
"profmem","0.7.0"
"profvis","0.4.0"
"progress","1.2.3"
"progressr","0.18.0"
"proj4","1.0-15"
"promises","1.3.2"
"proto","1.0.0"
"proxy","0.4-29"
"ps","1.9.1"
"pscl","1.5.9"
"psych","2.6.1"
"psychTools","2.5.7.22"
"purrr","1.0.4"
"qap","0.1-2"
"qgam","2.0.0"
"qlcMatrix","0.9.9"
"qpdf","1.4.1"
"quadprog","1.5-8"
"quantmod","0.4.28"
"quantreg","5.97"
"qvalue","2.22.0"
"qvcalc","1.0.4"
"ragg","1.2.2"
"randomForest","4.6-10"
"ranger","0.14.1"
"rapidjsonr","1.2.1"
"rappdirs","0.3.3"
"rbenchmark","1.0.0"
"rbibutils","2.4.1"
"rbokeh","0.5.2"
"rcmdcheck","1.4.0"
"rcompanion","2.3.7"
"reactlog","1.1.1"
"reactome.db","1.74.0"
"readr","2.1.6"
"readxl","1.4.5"
"recipes","1.1.1"
"reformulas","0.4.4"
"registry","0.5-1"
"relations","0.6-16"
"relimp","1.0-5"
"rematch","2.0.0"
"rematch2","2.1.2"
"remotes","2.5.0"
"rempsyc","0.2.0"
"repmis","0.5.1"
"repr","1.1.7"
"reprex","2.1.1"
"reshape","0.8.10"
"reshape2","1.4.5"
"reticulate","1.45.0"
"rex","1.2.1"
"rgenoud","5.9-0.11"
"rgeoda","0.1.1"
"rgeos","0.6-4"
"rgl","1.3.36"
"rhdf5","2.34.0"
"rhdf5filters","1.2.1"
"ridge","3.3"
"rio","1.2.4"
"rjson","0.2.23"
"rlang","1.1.7"
"rlist","0.4.6.2"
"rly","1.7.8"
"rmarkdown","2.30"
"rmio","0.4.0"
"rngtools","1.5.2"
"rnndescent","0.1.8"
"robust","0.7-5"
"robustbase","0.99-7"
"rootSolve","1.8.2.4"
"roxygen2","7.3.3"
"rpart","4.1.24"
"rprojroot","2.1.1"
"rr2","1.1.1"
"rrcov","1.7-7"
"rsample","1.2.1"
"rstan","2.32.7"
"rstantools","2.6.0"
"rstatix","0.7.3"
"rstudioapi","0.18.0"
"rsvd","1.0.5"
"rtf","0.4-14.1"
"rtracklayer","1.50.0"
"rvcheck","0.2.1"
"rversions","3.0.0"
"rvest","1.0.4"
"s2","1.1.7"
"sampleSelection","1.2-14"
"sandwich","3.1-1"
"sass","0.4.10"
"scCustomize","1.1.3"
"scMLnet","0.2.0"
"scales","1.3.0"
"scater","1.18.6"
"scattermore","1.2"
"scatterpie","0.1.8"
"scatterplot3d","0.3-45"
"sccore","1.0.6"
"scoringRules","1.1.3"
"sctransform","0.4.3"
"scuttle","1.0.4"
"segmented","2.2-1"
"selectr","0.5-1"
"seqLogo","1.56.0"
"seriation","1.5.8"
"servr","0.32"
"sessioninfo","1.2.3"
"sets","1.0-25"
"sf","1.0-7"
"sfheaders","0.4.5"
"sfsmisc","1.1-23"
"shades","1.4.0"
"shape","1.4.6.1"
"shiny","1.10.0"
"shinyBS","0.63.0"
"shinydashboard","0.7.3"
"shinyjs","2.1.1"
"shinythemes","1.2.0"
"showtext","0.9-7"
"showtextdb","3.0"
"sitmo","2.0.2"
"skewt","1.0"
"slam","0.1-55"
"slider","0.3.3"
"slingshot","1.8.0"
"sm","2.2-6.0"
"smoof","1.7.0"
"smoother","1.3"
"sn","2.1.3"
"sna","2.8"
"snakecase","0.11.1"
"snow","0.4-4"
"som","0.3-5.2"
"sourcetools","0.1.7-1"
"sp","2.2-1"
"spData","2.3.4"
"spacefillr","0.4.0"
"spacetime","1.3-3"
"spacexr","2.0.0"
"spam","2.11-3"
"sparseMatrixStats","1.2.1"
"sparsesvd","0.2-3"
"sparsevctrs","0.3.0"
"spatial","7.3-18"
"spatialreg","1.4-2"
"spatstat","3.5-1"
"spatstat.core","2.4-4"
"spatstat.data","3.1-9"
"spatstat.explore","3.7-0"
"spatstat.geom","3.7-0"
"spatstat.linnet","3.4-1"
"spatstat.model","3.6-1"
"spatstat.random","3.4-4"
"spatstat.sparse","3.1-0"
"spatstat.univar","3.1-6"
"spatstat.utils","3.2-2"
"spdep","1.4-2"
"speedglm","0.3-5"
"spelling","2.3.2"
"splancs","2.01-45"
"splines","4.0.5"
"ssanv","1.1"
"statmod","1.5.1"
"statnet.common","4.8.0"
"stats","4.0.5"
"stats4","4.0.5"
"statsExpressions","1.4.0"
"storr","1.2.6"
"stringi","1.8.7"
"stringmagic","1.2.0"
"stringr","1.5.1"
"strucchange","1.5-4"
"survPresmooth","1.1-12"
"survival","3.8-6"
"sva","3.38.0"
"svglite","2.1.3"
"sys","3.4.3"
"sysfonts","0.8.9"
"systemfit","1.1-30"
"systemfonts","1.2.1"
"tables","0.9.33"
"tcltk","4.0.5"
"tensor","1.5.1"
"tensorA","0.36.2.1"
"tensorflow","2.20.0"
"testit","0.17"
"testthat","3.2.3"
"textshaping","0.3.6"
"tfautograph","0.3.2"
"tfruns","1.5.4"
"thematic","0.1.8"
"threejs","0.3.4"
"tibble","3.3.1"
"tictoc","1.2.1"
"tidygraph","1.3.1"
"tidyr","1.3.1"
"tidyselect","1.2.1"
"tidytree","0.4.7"
"tidyverse","2.0.0"
"timeDate","4052.112"
"timeSeries","4052.112"
"timechange","0.4.0"
"tinytest","1.4.1"
"tinytex","0.58"
"tools","4.0.5"
"tradeSeq","1.4.0"
"transformr","0.1.5"
"treeio","1.14.4"
"triebeard","0.4.1"
"truncnorm","1.0-9"
"truncreg","0.2-5"
"tseries","0.10-60"
"tsne","0.1-3.1"
"tweedie","3.0.17"
"tweenr","2.0.3"
"twosamples","2.0.1"
"tzdb","0.5.0"
"ucminf","1.2.2"
"umap","0.2.10.0"
"units","1.0-0"
"urlchecker","1.0.1"
"urltools","1.7.3.1"
"usethis","3.1.0"
"utf8","1.2.6"
"utils","4.0.5"
"uuid","1.2-2"
"uwot","0.1.16"
"varImp","0.4"
"variables","1.1-2"
"vcd","1.4-13"
"vctrs","0.7.1"
"vdiffr","1.0.9"
"vegan","2.6-4"
"velocyto.R","0.6"
"vipor","0.4.7"
"viridis","0.6.5"
"viridisLite","0.4.3"
"visNetwork","2.1.4"
"vroom","1.6.5"
"vsn","3.58.0"
"waldo","0.6.2"
"warp","0.2.3"
"webfakes","1.4.0"
"webshot","0.5.5"
"webshot2","0.1.2"
"websocket","1.4.4"
"webutils","1.2.2"
"whisker","0.4.1"
"withr","3.0.2"
"wk","0.9.5"
"wrGraph","1.3.12"
"wrMisc","2.0.0"
"writexl","1.5.4"
"xfun","0.56"
"xml2","1.5.2"
"xopen","1.0.1"
"xtable","1.8-8"
"xts","0.14.2"
"yaml","2.3.12"
"yulab.utils","0.1.5"
"zeallot","0.2.0"
"zigg","0.0.2"
"zip","2.3.3"
"zlibbioc","1.36.0"
"zoo","1.8-15"
